[
  {
    "id": 1,
    "name": "Mặt nạ Arbutin 5% Tosowoong",
    "brand": "Tosowoong",
    "cat": "Chăm sóc da mặt",
    "subcat": "Mặt nạ",
    "price": 149000,
    "salePrice": 129000,
    "img": "https://picsum.photos/seed/arb/640/480",
    "tags": [
      "dưỡng trắng",
      "căng bóng"
    ],
    "note": "Date mới, giấy tờ đầy đủ",
    "giftName": "Tẩy trang mini 30ml",
    "giftOldPrice": 39000,
    "giftImg": "https://picsum.photos/seed/gift1/200/200"
  },
  {
    "id": 2,
    "name": "Serum B3 sáng da PrettySkin",
    "brand": "PrettySkin",
    "cat": "Chăm sóc da mặt",
    "subcat": "Serum",
    "price": 229000,
    "salePrice": 199000,
    "img": "https://picsum.photos/seed/b3/640/480",
    "tags": [
      "mờ thâm",
      "đều màu"
    ]
  },
  {
    "id": 3,
    "name": "Kem chống nắng Daily SPF50",
    "brand": "Daily",
    "cat": "Chăm sóc da mặt",
    "subcat": "Kem chống nắng",
    "price": 159000,
    "img": "https://picsum.photos/seed/sun/640/480",
    "tags": [
      "UV",
      "mỏng nhẹ"
    ]
  }
]